{
  "elektronik": 0.25666666666666665,
  "fashion": 0.08994708994708994,
  "hiburan": 0.07272727272727272,
  "kecantikan": 0.055,
  "makanan_minuman": 0.15891472868217055,
  "olahraga": 0.15760869565217392,
  "pertukangan": 0.5296875
}